ID,income,Q,sd,mean
1,1000.0007050839142,3,0.01,1000
1,1000.0012928773516,3,0.01,1000
1,1000.0171506498689,3,0.01,1000
2,1046.0939251799502,3,100.00500000000001,1000
2,873.4875512331736,3,100.00500000000001,1000
2,931.3112805463879,3,100.00500000000001,1000
3,910.8676059800084,2,200,1000
3,1244.8163594878922,2,200,1000
